DATE,T10Y2Y
2014-01-02,2.61
2014-01-03,2.60
2014-01-06,2.58
2014-01-07,2.56
2014-01-08,2.58
2014-01-09,2.53
2014-01-10,2.49
2014-01-13,2.45
2014-01-14,2.49
2014-01-15,2.49
2014-01-16,2.45
2014-01-17,2.44
2014-01-20,.
2014-01-21,2.45
2014-01-22,2.43
2014-01-23,2.40
2014-01-24,2.38
2014-01-27,2.41
2014-01-28,2.39
2014-01-29,2.33
2014-01-30,2.36
2014-01-31,2.33
2014-02-03,2.31
2014-02-04,2.33
2014-02-05,2.38
2014-02-06,2.40
2014-02-07,2.41
2014-02-10,2.38
2014-02-11,2.40
2014-02-12,2.45
2014-02-13,2.41
2014-02-14,2.43
2014-02-17,.
2014-02-18,2.40
2014-02-19,2.40
2014-02-20,2.42
2014-02-21,2.40
2014-02-24,2.40
2014-02-25,2.36
2014-02-26,2.34
2014-02-27,2.32
2014-02-28,2.33
2014-03-03,2.28
2014-03-04,2.37
2014-03-05,2.37
2014-03-06,2.37
2014-03-07,2.42
2014-03-10,2.42
2014-03-11,2.40
2014-03-12,2.36
2014-03-13,2.32
2014-03-14,2.29
2014-03-17,2.32
2014-03-18,2.32
2014-03-19,2.31
2014-03-20,2.34
2014-03-21,2.30
2014-03-24,2.27
2014-03-25,2.28
2014-03-26,2.26
2014-03-27,2.24
2014-03-28,2.28
2014-03-31,2.29
2014-04-01,2.33
2014-04-02,2.35
2014-04-03,2.34
2014-04-04,2.31
2014-04-07,2.30
2014-04-08,2.29
2014-04-09,2.34
2014-04-10,2.28
2014-04-11,2.26
2014-04-14,2.28
2014-04-15,2.25
2014-04-16,2.26
2014-04-17,2.30
2014-04-18,.
2014-04-21,2.31
2014-04-22,2.28
2014-04-23,2.27
2014-04-24,2.27
2014-04-25,2.25
2014-04-28,2.26
2014-04-29,2.27
2014-04-30,2.25
2014-05-01,2.22
2014-05-02,2.18
2014-05-05,2.20
2014-05-06,2.18
2014-05-07,2.21
2014-05-08,2.21
2014-05-09,2.22
2014-05-12,2.25
2014-05-13,2.22
2014-05-14,2.15
2014-05-15,2.12
2014-05-16,2.14
2014-05-19,2.18
2014-05-20,2.17
2014-05-21,2.17
2014-05-22,2.19
2014-05-23,2.17
2014-05-26,.
2014-05-27,2.13
2014-05-28,2.07
2014-05-29,2.08
2014-05-30,2.11
2014-06-02,2.15
2014-06-03,2.19
2014-06-04,2.20
2014-06-05,2.19
2014-06-06,2.19
2014-06-09,2.19
2014-06-10,2.19
2014-06-11,2.21
2014-06-12,2.16
2014-06-13,2.15
2014-06-16,2.12
2014-06-17,2.15
2014-06-18,2.13
2014-06-19,2.16
2014-06-20,2.13
2014-06-23,2.15
2014-06-24,2.10
2014-06-25,2.09
2014-06-26,2.07
2014-06-27,2.09
2014-06-30,2.06
2014-07-01,2.11
2014-07-02,2.15
2014-07-03,2.13
2014-07-04,.
2014-07-07,2.11
2014-07-08,2.07
2014-07-09,2.06
2014-07-10,2.09
2014-07-11,2.05
2014-07-14,2.07
2014-07-15,2.07
2014-07-16,2.05
2014-07-17,2.00
2014-07-18,1.99
2014-07-21,1.98
2014-07-22,1.99
2014-07-23,1.98
2014-07-24,1.99
2014-07-25,1.95
2014-07-28,1.96
2014-07-29,1.93
2014-07-30,2.01
2014-07-31,2.05
2014-08-01,2.05
2014-08-04,2.04
2014-08-05,2.02
2014-08-06,2.01
2014-08-07,1.99
2014-08-08,1.99
2014-08-11,1.97
2014-08-12,2.01
2014-08-13,2.00
2014-08-14,1.98
2014-08-15,1.92
2014-08-18,1.95
2014-08-19,1.94
2014-08-20,1.94
2014-08-21,1.92
2014-08-22,1.87
2014-08-25,1.86
2014-08-26,1.87
2014-08-27,1.86
2014-08-28,1.84
2014-08-29,1.87
2014-09-01,.
2014-09-02,1.89
2014-09-03,1.89
2014-09-04,1.91
2014-09-05,1.94
2014-09-08,1.94
2014-09-09,1.94
2014-09-10,1.96
2014-09-11,1.96
2014-09-12,2.04
2014-09-15,2.02
2014-09-16,2.05
2014-09-17,2.03
2014-09-18,2.04
2014-09-19,2.00
2014-09-22,1.99
2014-09-23,1.97
2014-09-24,1.98
2014-09-25,1.96
2014-09-26,1.95
2014-09-29,1.92
2014-09-30,1.94
2014-10-01,1.89
2014-10-02,1.91
2014-10-03,1.88
2014-10-06,1.89
2014-10-07,1.84
2014-10-08,1.89
2014-10-09,1.88
2014-10-10,1.86
2014-10-13,.
2014-10-14,1.82
2014-10-15,1.81
2014-10-16,1.82
2014-10-17,1.83
2014-10-20,1.83
2014-10-21,1.85
2014-10-22,1.84
2014-10-23,1.88
2014-10-24,1.88
2014-10-27,1.86
2014-10-28,1.88
2014-10-29,1.86
2014-10-30,1.84
2014-10-31,1.85
2014-11-03,1.84
2014-11-04,1.83
2014-11-05,1.84
2014-11-06,1.85
2014-11-07,1.81
2014-11-10,1.83
2014-11-11,.
2014-11-12,1.82
2014-11-13,1.82
2014-11-14,1.78
2014-11-17,1.80
2014-11-18,1.79
2014-11-19,1.82
2014-11-20,1.81
2014-11-21,1.78
2014-11-24,1.77
2014-11-25,1.76
2014-11-26,1.71
2014-11-27,.
2014-11-28,1.71
2014-12-01,1.73
2014-12-02,1.73
2014-12-03,1.72
2014-12-04,1.70
2014-12-05,1.66
2014-12-08,1.62
2014-12-09,1.58
2014-12-10,1.59
2014-12-11,1.57
2014-12-12,1.54
2014-12-15,1.52
2014-12-16,1.49
2014-12-17,1.52
2014-12-18,1.55
2014-12-19,1.50
2014-12-22,1.46
2014-12-23,1.53
2014-12-24,1.54
2014-12-25,.
2014-12-26,1.52
2014-12-29,1.50
2014-12-30,1.51
2014-12-31,1.50
2015-01-01,.
2015-01-02,1.46
2015-01-05,1.36
2015-01-06,1.32
2015-01-07,1.34
2015-01-08,1.41
2015-01-09,1.39
2015-01-12,1.36
2015-01-13,1.37
2015-01-14,1.35
2015-01-15,1.33
2015-01-16,1.34
2015-01-19,.
2015-01-20,1.29
2015-01-21,1.34
2015-01-22,1.37
2015-01-23,1.29
2015-01-26,1.29
2015-01-27,1.29
2015-01-28,1.23
2015-01-29,1.26
2015-01-30,1.21
2015-02-02,1.19
2015-02-03,1.27
2015-02-04,1.29
2015-02-05,1.31
2015-02-06,1.30
2015-02-09,1.31
2015-02-10,1.34
2015-02-11,1.33
2015-02-12,1.38
2015-02-13,1.36
2015-02-16,.
2015-02-17,1.44
2015-02-18,1.45
2015-02-19,1.44
2015-02-20,1.46
2015-02-23,1.42
2015-02-24,1.39
2015-02-25,1.35
2015-02-26,1.37
2015-02-27,1.37
2015-03-02,1.42
2015-03-03,1.44
2015-03-04,1.46
2015-03-05,1.46
2015-03-06,1.51
2015-03-09,1.50
2015-03-10,1.44
2015-03-11,1.41
2015-03-12,1.43
2015-03-13,1.45
2015-03-16,1.44
2015-03-17,1.36
2015-03-18,1.36
2015-03-19,1.35
2015-03-20,1.33
2015-03-23,1.32
2015-03-24,1.30
2015-03-25,1.34
2015-03-26,1.40
2015-03-27,1.37
2015-03-30,1.38
2015-03-31,1.38
2015-04-01,1.32
2015-04-02,1.37
2015-04-03,1.36
2015-04-06,1.41
2015-04-07,1.37
2015-04-08,1.38
2015-04-09,1.41
2015-04-10,1.39
2015-04-13,1.40
2015-04-14,1.37
2015-04-15,1.40
2015-04-16,1.40
2015-04-17,1.36
2015-04-20,1.35
2015-04-21,1.37
2015-04-22,1.42
2015-04-23,1.41
2015-04-24,1.39
2015-04-27,1.40
2015-04-28,1.44
2015-04-29,1.50
2015-04-30,1.47
2015-05-01,1.52
2015-05-04,1.56
2015-05-05,1.57
2015-05-06,1.60
2015-05-07,1.55
2015-05-08,1.57
2015-05-11,1.66
2015-05-12,1.67
2015-05-13,1.68
2015-05-14,1.67
2015-05-15,1.59
2015-05-18,1.65
2015-05-19,1.64
2015-05-20,1.66
2015-05-21,1.59
2015-05-22,1.57
2015-05-25,.
2015-05-26,1.50
2015-05-27,1.50
2015-05-28,1.51
2015-05-29,1.51
2015-06-01,1.55
2015-06-02,1.63
2015-06-03,1.69
2015-06-04,1.65
2015-06-05,1.68
2015-06-08,1.69
2015-06-09,1.70
2015-06-10,1.75
2015-06-11,1.66
2015-06-12,1.65
2015-06-15,1.64
2015-06-16,1.61
2015-06-17,1.65
2015-06-18,1.69
2015-06-19,1.61
2015-06-22,1.69
2015-06-23,1.72
2015-06-24,1.70
2015-06-25,1.72
2015-06-26,1.77
2015-06-29,1.69
2015-06-30,1.71
2015-07-01,1.74
2015-07-02,1.76
2015-07-03,.
2015-07-06,1.70
2015-07-07,1.69
2015-07-08,1.67
2015-07-09,1.72
2015-07-10,1.77
2015-07-13,1.75
2015-07-14,1.75
2015-07-15,1.72
2015-07-16,1.69
2015-07-17,1.66
2015-07-20,1.67
2015-07-21,1.64
2015-07-22,1.58
2015-07-23,1.57
2015-07-24,1.57
2015-07-27,1.55
2015-07-28,1.57
2015-07-29,1.59
2015-07-30,1.56
2015-07-31,1.53
2015-08-03,1.48
2015-08-04,1.49
2015-08-05,1.55
2015-08-06,1.52
2015-08-07,1.45
2015-08-10,1.51
2015-08-11,1.47
2015-08-12,1.47
2015-08-13,1.47
2015-08-14,1.47
2015-08-17,1.44
2015-08-18,1.46
2015-08-19,1.45
2015-08-20,1.40
2015-08-21,1.41
2015-08-24,1.42
2015-08-25,1.45
2015-08-26,1.51
2015-08-27,1.50
2015-08-28,1.47
2015-08-31,1.47
2015-09-01,1.47
2015-09-02,1.48
2015-09-03,1.47
2015-09-04,1.42
2015-09-07,.
2015-09-08,1.46
2015-09-09,1.46
2015-09-10,1.48
2015-09-11,1.49
2015-09-14,1.45
2015-09-15,1.46
2015-09-16,1.48
2015-09-17,1.51
2015-09-18,1.44
2015-09-21,1.48
2015-09-22,1.45
2015-09-23,1.46
2015-09-24,1.46
2015-09-25,1.47
2015-09-28,1.43
2015-09-29,1.41
2015-09-30,1.42
2015-10-01,1.41
2015-10-02,1.41
2015-10-05,1.46
2015-10-06,1.44
2015-10-07,1.43
2015-10-08,1.47
2015-10-09,1.47
2015-10-12,.
2015-10-13,1.42
2015-10-14,1.42
2015-10-15,1.43
2015-10-16,1.43
2015-10-19,1.43
2015-10-20,1.42
2015-10-21,1.40
2015-10-22,1.43
2015-10-23,1.43
2015-10-26,1.41
2015-10-27,1.40
2015-10-28,1.37
2015-10-29,1.44
2015-10-30,1.41
2015-11-02,1.43
2015-11-03,1.43
2015-11-04,1.41
2015-11-05,1.41
2015-11-06,1.44
2015-11-09,1.47
2015-11-10,1.45
2015-11-11,.
2015-11-12,1.43
2015-11-13,1.42
2015-11-16,1.39
2015-11-17,1.39
2015-11-18,1.37
2015-11-19,1.33
2015-11-20,1.33
2015-11-23,1.31
2015-11-24,1.31
2015-11-25,1.30
2015-11-26,.
2015-11-27,1.30
2015-11-30,1.27
2015-12-01,1.24
2015-12-02,1.24
2015-12-03,1.37
2015-12-04,1.32
2015-12-07,1.29
2015-12-08,1.30
2015-12-09,1.29
2015-12-10,1.29
2015-12-11,1.25
2015-12-14,1.26
2015-12-15,1.30
2015-12-16,1.28
2015-12-17,1.24
2015-12-18,1.22
2015-12-21,1.24
2015-12-22,1.25
2015-12-23,1.26
2015-12-24,1.22
2015-12-25,.
2015-12-28,1.19
2015-12-29,1.23
2015-12-30,1.23
2015-12-31,1.21
2016-01-01,.
2016-01-04,1.22
2016-01-05,1.21
2016-01-06,1.19
2016-01-07,1.20
2016-01-08,1.19
2016-01-11,1.23
2016-01-12,1.19
2016-01-13,1.17
2016-01-14,1.20
2016-01-15,1.18
2016-01-18,.
2016-01-19,1.18
2016-01-20,1.16
2016-01-21,1.18
2016-01-22,1.19
2016-01-25,1.15
2016-01-26,1.16
2016-01-27,1.18
2016-01-28,1.17
2016-01-29,1.18
2016-02-01,1.16
2016-02-02,1.12
2016-02-03,1.16
2016-02-04,1.17
2016-02-05,1.12
2016-02-08,1.09
2016-02-09,1.05
2016-02-10,1.00
2016-02-11,0.99
2016-02-12,1.03
2016-02-15,.
2016-02-16,1.04
2016-02-17,1.07
2016-02-18,1.04
2016-02-19,1.00
2016-02-22,0.99
2016-02-23,0.98
2016-02-24,1.00
2016-02-25,0.99
2016-02-26,0.96
2016-02-29,0.96
2016-03-01,0.98
2016-03-02,0.99
2016-03-03,0.98
2016-03-04,1.00
2016-03-07,1.00
2016-03-08,0.95
2016-03-09,1.00
2016-03-10,1.00
2016-03-11,1.01
2016-03-14,1.00
2016-03-15,0.99
2016-03-16,1.07
2016-03-17,1.04
2016-03-18,1.04
2016-03-21,1.05
2016-03-22,1.03
2016-03-23,1.01
2016-03-24,1.02
2016-03-25,.
2016-03-28,1.00
2016-03-29,1.03
2016-03-30,1.07
2016-03-31,1.05
2016-04-01,1.03
2016-04-04,1.03
2016-04-05,1.01
2016-04-06,1.03
2016-04-07,1.00
2016-04-08,1.02
2016-04-11,1.03
2016-04-12,1.05
2016-04-13,1.02
2016-04-14,1.03
2016-04-15,1.02
2016-04-18,1.03
2016-04-19,1.02
2016-04-20,1.05
2016-04-21,1.06
2016-04-22,1.05
2016-04-25,1.06
2016-04-26,1.08
2016-04-27,1.04
2016-04-28,1.06
2016-04-29,1.06
2016-05-02,1.08
2016-05-03,1.06
2016-05-04,1.04
2016-05-05,1.04
2016-05-06,1.05
2016-05-09,1.05
2016-05-10,1.05
2016-05-11,0.99
2016-05-12,0.99
2016-05-13,0.95
2016-05-16,0.96
2016-05-17,0.94
2016-05-18,0.97
2016-05-19,0.96
2016-05-20,0.96
2016-05-23,0.93
2016-05-24,0.94
2016-05-25,0.95
2016-05-26,0.96
2016-05-27,0.95
2016-05-30,.
2016-05-31,0.97
2016-06-01,0.94
2016-06-02,0.92
2016-06-03,0.93
2016-06-06,0.93
2016-06-07,0.94
2016-06-08,0.93
2016-06-09,0.91
2016-06-10,0.91
2016-06-13,0.89
2016-06-14,0.88
2016-06-15,0.91
2016-06-16,0.87
2016-06-17,0.92
2016-06-20,0.93
2016-06-21,0.95
2016-06-22,0.94
2016-06-23,0.96
2016-06-24,0.93
2016-06-27,0.85
2016-06-28,0.85
2016-06-29,0.88
2016-06-30,0.91
2016-07-01,0.87
2016-07-04,.
2016-07-05,0.81
2016-07-06,0.80
2016-07-07,0.82
2016-07-08,0.76
2016-07-11,0.77
2016-07-12,0.84
2016-07-13,0.80
2016-07-14,0.85
2016-07-15,0.89
2016-07-18,0.91
2016-07-19,0.86
2016-07-20,0.86
2016-07-21,0.87
2016-07-22,0.86
2016-07-25,0.86
2016-07-26,0.82
2016-07-27,0.79
2016-07-28,0.80
2016-07-29,0.79
2016-08-01,0.84
2016-08-02,0.88
2016-08-03,0.88
2016-08-04,0.87
2016-08-05,0.87
2016-08-08,0.85
2016-08-09,0.84
2016-08-10,0.81
2016-08-11,0.81
2016-08-12,0.80
2016-08-15,0.83
2016-08-16,0.81
2016-08-17,0.82
2016-08-18,0.82
2016-08-19,0.82
2016-08-22,0.79
2016-08-23,0.81
2016-08-24,0.80
2016-08-25,0.80
2016-08-26,0.78
2016-08-29,0.76
2016-08-30,0.77
2016-08-31,0.78
2016-09-01,0.79
2016-09-02,0.80
2016-09-05,.
2016-09-06,0.81
2016-09-07,0.80
2016-09-08,0.83
2016-09-09,0.88
2016-09-12,0.89
2016-09-13,0.93
2016-09-14,0.93
2016-09-15,0.97
2016-09-16,0.93
2016-09-19,0.91
2016-09-20,0.90
2016-09-21,0.87
2016-09-22,0.84
2016-09-23,0.85
2016-09-26,0.83
2016-09-27,0.81
2016-09-28,0.82
2016-09-29,0.83
2016-09-30,0.83
2016-10-03,0.83
2016-10-04,0.87
2016-10-05,0.87
2016-10-06,0.89
2016-10-07,0.90
2016-10-10,.
2016-10-11,0.90
2016-10-12,0.92
2016-10-13,0.90
2016-10-14,0.96
2016-10-17,0.96
2016-10-18,0.93
2016-10-19,0.95
2016-10-20,0.92
2016-10-21,0.90
2016-10-24,0.93
2016-10-25,0.91
2016-10-26,0.93
2016-10-27,0.98
2016-10-28,1.00
2016-10-31,0.98
2016-11-01,1.00
2016-11-02,1.00
2016-11-03,1.01
2016-11-04,0.99
2016-11-07,1.01
2016-11-08,1.01
2016-11-09,1.17
2016-11-10,1.23
2016-11-11,.
2016-11-14,1.23
2016-11-15,1.21
2016-11-16,1.22
2016-11-17,1.25
2016-11-18,1.27
2016-11-21,1.25
2016-11-22,1.24
2016-11-23,1.24
2016-11-24,.
2016-11-25,1.24
2016-11-28,1.21
2016-11-29,1.21
2016-11-30,1.26
2016-12-01,1.31
2016-12-02,1.29
2016-12-05,1.26
2016-12-06,1.27
2016-12-07,1.24
2016-12-08,1.28
2016-12-09,1.32
2016-12-12,1.34
2016-12-13,1.31
2016-12-14,1.27
2016-12-15,1.31
2016-12-16,1.32
2016-12-19,1.30
2016-12-20,1.32
2016-12-21,1.34
2016-12-22,1.33
2016-12-23,1.33
2016-12-26,.
2016-12-27,1.29
2016-12-28,1.25
2016-12-29,1.27
2016-12-30,1.25
2017-01-02,.
2017-01-03,1.23
2017-01-04,1.22
2017-01-05,1.20
2017-01-06,1.20
2017-01-09,1.17
2017-01-10,1.19
2017-01-11,1.18
2017-01-12,1.18
2017-01-13,1.19
2017-01-16,.
2017-01-17,1.16
2017-01-18,1.19
2017-01-19,1.22
2017-01-20,1.28
2017-01-23,1.25
2017-01-24,1.26
2017-01-25,1.30
2017-01-26,1.30
2017-01-27,1.27
2017-01-30,1.27
2017-01-31,1.26
2017-02-01,1.26
2017-02-02,1.27
2017-02-03,1.28
2017-02-06,1.26
2017-02-07,1.24
2017-02-08,1.19
2017-02-09,1.20
2017-02-10,1.21
2017-02-13,1.23
2017-02-14,1.22
2017-02-15,1.24
2017-02-16,1.23
2017-02-17,1.21
2017-02-20,.
2017-02-21,1.21
2017-02-22,1.20
2017-02-23,1.20
2017-02-24,1.19
2017-02-27,1.16
2017-02-28,1.14
2017-03-01,1.17
2017-03-02,1.17
2017-03-03,1.17
2017-03-06,1.18
2017-03-07,1.20
2017-03-08,1.21
2017-03-09,1.23
2017-03-10,1.22
2017-03-13,1.22
2017-03-14,1.20
2017-03-15,1.18
2017-03-16,1.18
2017-03-17,1.17
2017-03-20,1.17
2017-03-21,1.16
2017-03-22,1.13
2017-03-23,1.15
2017-03-24,1.14
2017-03-27,1.11
2017-03-28,1.12
2017-03-29,1.13
2017-03-30,1.14
2017-03-31,1.13
2017-04-03,1.11
2017-04-04,1.11
2017-04-05,1.10
2017-04-06,1.10
2017-04-07,1.09
2017-04-10,1.08
2017-04-11,1.08
2017-04-12,1.04
2017-04-13,1.03
2017-04-14,.
2017-04-17,1.05
2017-04-18,1.00
2017-04-19,1.02
2017-04-20,1.03
2017-04-21,1.04
2017-04-24,1.03
2017-04-25,1.06
2017-04-26,1.04
2017-04-27,1.05
2017-04-28,1.01
2017-05-01,1.05
2017-05-02,1.02
2017-05-03,1.03
2017-05-04,1.04
2017-05-05,1.04
2017-05-08,1.06
2017-05-09,1.05
2017-05-10,1.06
2017-05-11,1.04
2017-05-12,1.04
2017-05-15,1.03
2017-05-16,1.04
2017-05-17,0.96
2017-05-18,0.96
2017-05-19,0.95
2017-05-22,0.96
2017-05-23,0.98
2017-05-24,0.97
2017-05-25,0.95
2017-05-26,0.95
2017-05-29,.
2017-05-30,0.93
2017-05-31,0.93
2017-06-01,0.93
2017-06-02,0.87
2017-06-05,0.86
2017-06-06,0.84
2017-06-07,0.86
2017-06-08,0.86
2017-06-09,0.86
2017-06-12,0.86
2017-06-13,0.83
2017-06-14,0.80
2017-06-15,0.81
2017-06-16,0.84
2017-06-19,0.83
2017-06-20,0.80
2017-06-21,0.80
2017-06-22,0.81
2017-06-23,0.81
2017-06-26,0.78
2017-06-27,0.83
2017-06-28,0.88
2017-06-29,0.89
2017-06-30,0.93
2017-07-03,0.94
2017-07-04,.
2017-07-05,0.92
2017-07-06,0.97
2017-07-07,0.99
2017-07-10,0.98
2017-07-11,1.00
2017-07-12,0.98
2017-07-13,0.98
2017-07-14,0.98
2017-07-17,0.95
2017-07-18,0.91
2017-07-19,0.90
2017-07-20,0.90
2017-07-21,0.88
2017-07-24,0.89
2017-07-25,0.93
2017-07-26,0.93
2017-07-27,0.96
2017-07-28,0.96
2017-07-31,0.96
2017-08-01,0.92
2017-08-02,0.91
2017-08-03,0.9
2017-08-04,0.91
2017-08-07,0.9
2017-08-08,0.93
2017-08-09,0.91
2017-08-10,0.87
2017-08-11,0.89
2017-08-14,0.89
2017-08-15,0.92
2017-08-16,0.9
2017-08-17,0.87
2017-08-18,0.86
2017-08-21,0.86
2017-08-22,0.89
2017-08-23,0.85
2017-08-24,0.86
2017-08-25,0.82
2017-08-28,0.83
2017-08-29,0.8
2017-08-30,0.82
2017-08-31,0.79
2017-09-01,0.81
2017-09-04,.
2017-09-05,0.77
2017-09-06,0.8
2017-09-07,0.78
2017-09-08,0.79
2017-09-11,0.82
2017-09-12,0.84
2017-09-13,0.85
2017-09-14,0.83
2017-09-15,0.81
2017-09-18,0.83
2017-09-19,0.84
2017-09-20,0.83
2017-09-21,0.82
2017-09-22,0.8
2017-09-25,0.78
2017-09-26,0.79
2017-09-27,0.84
2017-09-28,0.86
2017-09-29,0.86
2017-10-02,0.85
2017-10-03,0.86
2017-10-04,0.86
2017-10-05,0.86
2017-10-06,0.83
2017-10-09,.
2017-10-10,0.84
2017-10-11,0.84
2017-10-12,0.82
2017-10-13,0.77
2017-10-16,0.76
2017-10-17,0.76
2017-10-18,0.75
2017-10-19,0.75
2017-10-20,0.79
2017-10-23,0.8
2017-10-24,0.82
2017-10-25,0.83
2017-10-26,0.83
2017-10-27,0.83
2017-10-30,0.79
2017-10-31,0.78
2017-11-01,0.76
2017-11-02,0.74
2017-11-03,0.71
2017-11-06,0.71
2017-11-07,0.69
2017-11-08,0.67
2017-11-09,0.7
2017-11-10,0.73
2017-11-13,0.7
2017-11-14,0.7
2017-11-15,0.65
2017-11-16,0.65
2017-11-17,0.62
2017-11-20,0.6
2017-11-21,0.59
2017-11-22,0.58
2017-11-23,.
2017-11-24,0.59
2017-11-27,0.58
2017-11-28,0.59
2017-11-29,0.59
2017-11-30,0.64
2017-12-01,0.59
2017-12-04,0.57
2017-12-05,0.53
2017-12-06,0.55
2017-12-07,0.57
2017-12-08,0.58
2017-12-11,0.57
2017-12-12,0.57
2017-12-13,0.57
2017-12-14,0.53
2017-12-15,0.51
2017-12-18,0.55
2017-12-19,0.59
2017-12-20,0.62
2017-12-21,0.59
2017-12-22,0.57
2017-12-25,.
2017-12-26,0.55
2017-12-27,0.53
2017-12-28,0.52
2017-12-29,0.51
2018-01-01,.
2018-01-02,0.54
2018-01-03,0.5
2018-01-04,0.5
2018-01-05,0.51
2018-01-08,0.53
2018-01-09,0.57
2018-01-10,0.57
2018-01-11,0.56
2018-01-12,0.56
2018-01-15,.
2018-01-16,0.51
2018-01-17,0.52
2018-01-18,0.57
2018-01-19,0.58
2018-01-22,0.58
2018-01-23,0.57
2018-01-24,0.57
2018-01-25,0.55
2018-01-26,0.53
2018-01-29,0.59
2018-01-30,0.6
2018-01-31,0.58
2018-02-01,0.62
2018-02-02,0.69
2018-02-05,0.69
2018-02-06,0.69
2018-02-07,0.69
2018-02-08,0.72
2018-02-09,0.78
2018-02-12,0.77
2018-02-13,0.73
2018-02-14,0.74
2018-02-15,0.71
2018-02-16,0.66
2018-02-19,.
2018-02-20,0.63
2018-02-21,0.68
2018-02-22,0.67
2018-02-23,0.63
2018-02-26,0.64
2018-02-27,0.63
2018-02-28,0.62
2018-03-01,0.59
2018-03-02,0.61
2018-03-05,0.64
2018-03-06,0.63
2018-03-07,0.64
2018-03-08,0.61
2018-03-09,0.63
2018-03-12,0.6
2018-03-13,0.58
2018-03-14,0.55
2018-03-15,0.53
2018-03-16,0.54
2018-03-19,0.54
2018-03-20,0.55
2018-03-21,0.58
2018-03-22,0.54
2018-03-23,0.54
2018-03-26,0.52
2018-03-27,0.52
2018-03-28,0.49
2018-03-29,0.47
2018-03-30,.
2018-04-02,0.48
2018-04-03,0.51
2018-04-04,0.51
2018-04-05,0.53
2018-04-06,0.5
2018-04-09,0.49
2018-04-10,0.48
2018-04-11,0.47
2018-04-12,0.49
2018-04-13,0.45
2018-04-16,0.44
2018-04-17,0.41
2018-04-18,0.45
2018-04-19,0.48
2018-04-20,0.5
2018-04-23,0.49
2018-04-24,0.52
2018-04-25,0.54
2018-04-26,0.51
2018-04-27,0.47
2018-04-30,0.46
2018-05-01,0.47
2018-05-02,0.48
2018-05-03,0.45
2018-05-04,0.44
2018-05-07,0.46
2018-05-08,0.46
2018-05-09,0.46
2018-05-10,0.43
2018-05-11,0.43
2018-05-14,0.45
2018-05-15,0.5
2018-05-16,0.51
2018-05-17,0.54
2018-05-18,0.51
2018-05-21,0.48
2018-05-22,0.47
2018-05-23,0.48
2018-05-24,0.48
2018-05-25,0.45
2018-05-28,.
2018-05-29,0.45
2018-05-30,0.42
2018-05-31,0.43
2018-06-01,0.42
2018-06-04,0.42
2018-06-05,0.43
2018-06-06,0.45
2018-06-07,0.43
2018-06-08,0.43
2018-06-11,0.44
2018-06-12,0.42
2018-06-13,0.39
2018-06-14,0.35
2018-06-15,0.38
2018-06-18,0.36
2018-06-19,0.35
2018-06-20,0.37
2018-06-21,0.34
2018-06-22,0.34
2018-06-25,0.33
2018-06-26,0.35
2018-06-27,0.31
2018-06-28,0.32
2018-06-29,0.33
2018-07-02,0.3
2018-07-03,0.3
2018-07-04,.
2018-07-05,0.29
2018-07-06,0.29
2018-07-09,0.29
2018-07-10,0.28
2018-07-11,0.27
2018-07-12,0.25
2018-07-13,0.24
2018-07-16,0.26
2018-07-17,0.24
2018-07-18,0.28
2018-07-19,0.24
2018-07-20,0.29
2018-07-23,0.32
2018-07-24,0.32
2018-07-25,0.28
2018-07-26,0.29
2018-07-27,0.29
2018-07-30,0.32
2018-07-31,0.29
2018-08-01,0.33
2018-08-02,0.32
2018-08-03,0.32
2018-08-06,0.3
2018-08-07,0.3
2018-08-08,0.28
2018-08-09,0.29
2018-08-10,0.26
2018-08-13,0.27
2018-08-14,0.26
2018-08-15,0.25
2018-08-16,0.24
2018-08-17,0.26
2018-08-20,0.22
2018-08-21,0.24
2018-08-22,0.22
2018-08-23,0.21
2018-08-24,0.19
2018-08-27,0.18
2018-08-28,0.21
2018-08-29,0.22
2018-08-30,0.22
2018-08-31,0.24
2018-09-03,.
2018-09-04,0.24
2018-09-05,0.24
2018-09-06,0.24
2018-09-07,0.23
2018-09-10,0.21
2018-09-11,0.22
2018-09-12,0.23
2018-09-13,0.21
2018-09-14,0.21
2018-09-17,0.21
2018-09-18,0.24
2018-09-19,0.27
2018-09-20,0.26
2018-09-21,0.26
2018-09-24,0.25
2018-09-25,0.27
2018-09-26,0.23
2018-09-27,0.23
2018-09-28,0.24
2018-10-01,0.27
2018-10-02,0.23
2018-10-03,0.3
2018-10-04,0.32
2018-10-05,0.35
2018-10-08,.
2018-10-09,0.33
2018-10-10,0.34
2018-10-11,0.29
2018-10-12,0.3
2018-10-15,0.31
2018-10-16,0.29
2018-10-17,0.3
2018-10-18,0.3
2018-10-19,0.28
2018-10-22,0.28
2018-10-23,0.28
2018-10-24,0.26
2018-10-25,0.28
2018-10-26,0.27
2018-10-29,0.27
2018-10-30,0.28
2018-10-31,0.28
2018-11-01,0.3
2018-11-02,0.31
2018-11-05,0.29
2018-11-06,0.29
2018-11-07,0.26
2018-11-08,0.26
2018-11-09,0.25
2018-11-12,.
2018-11-13,0.25
2018-11-14,0.26
2018-11-15,0.25
2018-11-16,0.27
2018-11-19,0.27
2018-11-20,0.27
2018-11-21,0.25
2018-11-22,.
2018-11-23,0.24
2018-11-26,0.23
2018-11-27,0.23
2018-11-28,0.25
2018-11-29,0.22
2018-11-30,0.21
2018-12-03,0.15
2018-12-04,0.11
2018-12-05,.
2018-12-06,0.12
2018-12-07,0.13
2018-12-10,0.13
2018-12-11,0.11
2018-12-12,0.14
2018-12-13,0.16
2018-12-14,0.16
2018-12-17,0.16
2018-12-18,0.17
2018-12-19,0.14
2018-12-20,0.12
2018-12-21,0.16
2018-12-24,0.19
2018-12-25,.
2018-12-26,0.2
2018-12-27,0.21
2018-12-28,0.2
2018-12-31,0.21
2019-01-01,.
2019-01-02,0.16
2019-01-03,0.17
2019-01-04,0.17
2019-01-07,0.17
2019-01-08,0.15
2019-01-09,0.18
2019-01-10,0.18
2019-01-11,0.16
2019-01-14,0.18
2019-01-15,0.19
2019-01-16,0.18
2019-01-17,0.19
2019-01-18,0.17
2019-01-21,.
2019-01-22,0.16
2019-01-23,0.18
2019-01-24,0.16
2019-01-25,0.16
2019-01-28,0.15
2019-01-29,0.16
2019-01-30,0.18
2019-01-31,0.18
2019-02-01,0.18
2019-02-04,0.2
2019-02-05,0.18
2019-02-06,0.18
2019-02-07,0.17
2019-02-08,0.18
2019-02-11,0.17
2019-02-12,0.18
2019-02-13,0.18
2019-02-14,0.16
2019-02-15,0.14
2019-02-18,.
2019-02-19,0.15
2019-02-20,0.15
2019-02-21,0.16
2019-02-22,0.17
2019-02-25,0.16
2019-02-26,0.16
2019-02-27,0.19
2019-02-28,0.21
2019-03-01,0.21
2019-03-04,0.17
2019-03-05,0.17
2019-03-06,0.17
2019-03-07,0.17
2019-03-08,0.17
2019-03-11,0.17
2019-03-12,0.16
2019-03-13,0.16
2019-03-14,0.17
2019-03-15,0.16
2019-03-18,0.15
2019-03-19,0.15
2019-03-20,0.14
2019-03-21,0.13
2019-03-22,0.13
2019-03-25,0.17
2019-03-26,0.17
2019-03-27,0.17
2019-03-28,0.16
2019-03-29,0.14
2019-04-01,0.16
2019-04-02,0.18
2019-04-03,0.19
2019-04-04,0.18
2019-04-05,0.15
2019-04-08,0.16
2019-04-09,0.16
2019-04-10,0.17
2019-04-11,0.16
2019-04-12,0.16
2019-04-15,0.15
2019-04-16,0.19
2019-04-17,0.19
2019-04-18,0.19
2019-04-19,.
2019-04-22,0.21
2019-04-23,0.21
2019-04-24,0.21
2019-04-25,0.21
2019-04-26,0.23
2019-04-29,0.24
2019-04-30,0.24
2019-05-01,0.21
2019-05-02,0.2
2019-05-03,0.21
2019-05-06,0.2
2019-05-07,0.17
2019-05-08,0.19
2019-05-09,0.19
2019-05-10,0.21
2019-05-13,0.22
2019-05-14,0.22
2019-05-15,0.21
2019-05-16,0.2
2019-05-17,0.19
2019-05-20,0.2
2019-05-21,0.17
2019-05-22,0.16
2019-05-23,0.19
2019-05-24,0.16
2019-05-27,.
2019-05-28,0.14
2019-05-29,0.16
2019-05-30,0.16
2019-05-31,0.19
2019-06-03,0.25
2019-06-04,0.24
2019-06-05,0.29
2019-06-06,0.24
2019-06-07,0.24
2019-06-10,0.25
2019-06-11,0.22
2019-06-12,0.25
2019-06-13,0.27
2019-06-14,0.25
2019-06-17,0.23
2019-06-18,0.2
2019-06-19,0.29
2019-06-20,0.29
2019-06-21,0.3
2019-06-24,0.3
2019-06-25,0.29
2019-06-26,0.28
2019-06-27,0.27
2019-06-28,0.25
2019-07-01,0.25
2019-07-02,0.21
2019-07-03,0.19
2019-07-04,.
2019-07-05,0.17
2019-07-08,0.17
2019-07-09,0.15
2019-07-10,0.25
2019-07-11,0.28
2019-07-12,0.28
2019-07-15,0.26
2019-07-16,0.26
2019-07-17,0.23
2019-07-18,0.27
2019-07-19,0.25
2019-07-22,0.25
2019-07-23,0.25
2019-07-24,0.22
2019-07-25,0.22
2019-07-26,0.22
2019-07-29,0.21
2019-07-30,0.21
2019-07-31,0.13
2019-08-01,0.17
2019-08-02,0.14
2019-08-05,0.16
2019-08-06,0.13
2019-08-07,0.12
2019-08-08,0.1
2019-08-09,0.11
2019-08-12,0.07
2019-08-13,0.02
2019-08-14,0.01
2019-08-15,0.04
2019-08-16,0.07
2019-08-19,0.07
2019-08-20,0.05
2019-08-21,0.03
2019-08-22,0.01
2019-08-23,0.01
2019-08-26,0.0
2019-08-27,-0.04
2019-08-28,-0.03
2019-08-29,-0.03
2019-08-30,0.0
2019-09-02,.
2019-09-03,0.0
2019-09-04,0.04
2019-09-05,0.02
2019-09-06,0.02
2019-09-09,0.05
2019-09-10,0.05
2019-09-11,0.07
2019-09-12,0.07
2019-09-13,0.11
2019-09-16,0.1
2019-09-17,0.09
2019-09-18,0.03
2019-09-19,0.05
2019-09-20,0.05
2019-09-23,0.04
2019-09-24,0.04
2019-09-25,0.05
2019-09-26,0.04
2019-09-27,0.06
2019-09-30,0.05
2019-10-01,0.09
2019-10-02,0.12
2019-10-03,0.15
2019-10-04,0.12
2019-10-07,0.1
2019-10-08,0.12
2019-10-09,0.12
2019-10-10,0.14
2019-10-11,0.13
2019-10-14,.
2019-10-15,0.16
2019-10-16,0.17
2019-10-17,0.16
2019-10-18,0.18
2019-10-21,0.18
2019-10-22,0.18
2019-10-23,0.19
2019-10-24,0.19
2019-10-25,0.17
2019-10-28,0.21
2019-10-29,0.2
2019-10-30,0.17
2019-10-31,0.17
2019-11-01,0.17
2019-11-04,0.19
2019-11-05,0.23
2019-11-06,0.2
2019-11-07,0.24
2019-11-08,0.26
2019-11-11,.
2019-11-12,0.26
2019-11-13,0.25
2019-11-14,0.24
2019-11-15,0.23
2019-11-18,0.21
2019-11-19,0.19
2019-11-20,0.17
2019-11-21,0.17
2019-11-22,0.16
2019-11-25,0.15
2019-11-26,0.16
2019-11-27,0.14
2019-11-28,.
2019-11-29,0.17
2019-12-02,0.22
2019-12-03,0.19
2019-12-04,0.19
2019-12-05,0.22
2019-12-06,0.23
2019-12-09,0.2
2019-12-10,0.2
2019-12-11,0.18
2019-12-12,0.24
2019-12-13,0.21
2019-12-16,0.24
2019-12-17,0.26
2019-12-18,0.29
2019-12-19,0.3
2019-12-20,0.29
2019-12-23,0.29
2019-12-24,0.28
2019-12-25,.
2019-12-26,0.26
2019-12-27,0.29
2019-12-30,0.32
2019-12-31,0.34
2020-01-01,.
2020-01-02,0.3
2020-01-03,0.27
2020-01-06,0.27
2020-01-07,0.29
2020-01-08,0.29
2020-01-09,0.27
2020-01-10,0.27
2020-01-13,0.27
2020-01-14,0.24
2020-01-15,0.23
2020-01-16,0.23
2020-01-17,0.26
2020-01-20,.
2020-01-21,0.25
2020-01-22,0.24
2020-01-23,0.23
2020-01-24,0.21
2020-01-27,0.17
2020-01-28,0.2
2020-01-29,0.18
2020-01-30,0.16
2020-01-31,0.18
2020-02-03,0.18
2020-02-04,0.2
2020-02-05,0.22
2020-02-06,0.21
2020-02-07,0.18
2020-02-10,0.19
2020-02-11,0.18
2020-02-12,0.18
2020-02-13,0.17
2020-02-14,0.17
2020-02-17,.
2020-02-18,0.14
2020-02-19,0.14
2020-02-20,0.13
2020-02-21,0.12
2020-02-24,0.12
2020-02-25,0.13
2020-02-26,0.17
2020-02-27,0.19
2020-02-28,0.27
2020-03-02,0.26
2020-03-03,0.31
2020-03-04,0.35
2020-03-05,0.33
2020-03-06,0.25
2020-03-09,0.16
2020-03-10,0.26
2020-03-11,0.32
2020-03-12,0.38
2020-03-13,0.45
2020-03-16,0.37
2020-03-17,0.55
2020-03-18,0.64
2020-03-19,0.68
2020-03-20,0.55
2020-03-23,0.48
2020-03-24,0.46
2020-03-25,0.54
2020-03-26,0.53
2020-03-27,0.47
2020-03-30,0.47
2020-03-31,0.47
2020-04-01,0.39
2020-04-02,0.4
2020-04-03,0.39
2020-04-06,0.4
2020-04-07,0.47
2020-04-08,0.5
2020-04-09,0.5
2020-04-10,.
2020-04-13,0.51
2020-04-14,0.53
2020-04-15,0.43
2020-04-16,0.41
2020-04-17,0.45
2020-04-20,0.43
2020-04-21,0.38
2020-04-22,0.41
2020-04-23,0.39
2020-04-24,0.38
2020-04-27,0.43
2020-04-28,0.42
2020-04-29,0.43
2020-04-30,0.44
2020-05-01,0.44
2020-05-04,0.45
2020-05-05,0.47
2020-05-06,0.55
2020-05-07,0.5
2020-05-08,0.53
2020-05-11,0.56
2020-05-12,0.52
2020-05-13,0.48
2020-05-14,0.47
2020-05-15,0.48
2020-05-18,0.55
2020-05-19,0.53
2020-05-20,0.52
2020-05-21,0.51
2020-05-22,0.49
2020-05-25,.
2020-05-26,0.51
2020-05-27,0.49
2020-05-28,0.53
2020-05-29,0.49
2020-06-01,0.52
2020-06-02,0.51
2020-06-03,0.58
2020-06-04,0.63
2020-06-05,0.69
2020-06-08,0.66
2020-06-09,0.64
2020-06-10,0.58
2020-06-11,0.47
2020-06-12,0.52
2020-06-15,0.52
2020-06-16,0.54
2020-06-17,0.55
2020-06-18,0.52
2020-06-19,0.51
2020-06-22,0.52
2020-06-23,0.54
2020-06-24,0.5
2020-06-25,0.51
2020-06-26,0.47
2020-06-29,0.48
2020-06-30,0.5
2020-07-01,0.52
2020-07-02,0.52
2020-07-03,.
2020-07-06,0.53
2020-07-07,0.49
2020-07-08,0.51
2020-07-09,0.46
2020-07-10,0.49
2020-07-13,0.48
2020-07-14,0.49
2020-07-15,0.48
2020-07-16,0.46
2020-07-17,0.5
2020-07-20,0.46
2020-07-21,0.47
2020-07-22,0.46
2020-07-23,0.43
2020-07-24,0.45
2020-07-27,0.47
2020-07-28,0.45
2020-07-29,0.46
2020-07-30,0.44
2020-07-31,0.44
2020-08-03,0.45
2020-08-04,0.41
2020-08-05,0.44
2020-08-06,0.44
2020-08-07,0.44
2020-08-10,0.45
2020-08-11,0.48
2020-08-12,0.53
2020-08-13,0.55
2020-08-14,0.57
2020-08-17,0.55
2020-08-18,0.53
2020-08-19,0.54
2020-08-20,0.52
2020-08-21,0.48
2020-08-24,0.51
2020-08-25,0.54
2020-08-26,0.53
2020-08-27,0.58
2020-08-28,0.6
2020-08-31,0.58
2020-09-01,0.55
2020-09-02,0.52
2020-09-03,0.5
2020-09-04,0.58
2020-09-07,.
2020-09-08,0.55
2020-09-09,0.57
2020-09-10,0.54
2020-09-11,0.54
2020-09-14,0.54
2020-09-15,0.54
2020-09-16,0.55
2020-09-17,0.56
2020-09-18,0.56
2020-09-21,0.54
2020-09-22,0.55
2020-09-23,0.54
2020-09-24,0.53
2020-09-25,0.54
2020-09-28,0.53
2020-09-29,0.55
2020-09-30,0.56
2020-10-01,0.54
2020-10-02,0.57
2020-10-05,0.64
2020-10-06,0.62
2020-10-07,0.65
2020-10-08,0.65
2020-10-09,0.63
2020-10-12,.
2020-10-13,0.58
2020-10-14,0.59
2020-10-15,0.6
2020-10-16,0.62
2020-10-19,0.62
2020-10-20,0.67
2020-10-21,0.69
2020-10-22,0.71
2020-10-23,0.67
2020-10-26,0.65
2020-10-27,0.63
2020-10-28,0.63
2020-10-29,0.69
2020-10-30,0.74
2020-11-02,0.71
2020-11-03,0.73
2020-11-04,0.64
2020-11-05,0.65
2020-11-06,0.67
2020-11-09,0.79
2020-11-10,0.79
2020-11-11,.
2020-11-12,0.71
2020-11-13,0.72
2020-11-16,0.72
2020-11-17,0.69
2020-11-18,0.72
2020-11-19,0.68
2020-11-20,0.67
2020-11-23,0.7
2020-11-24,0.72
2020-11-25,0.71
2020-11-26,.
2020-11-27,0.68
2020-11-30,0.68
2020-12-01,0.75
2020-12-02,0.79
2020-12-03,0.76
2020-12-04,0.81
2020-12-07,0.8
2020-12-08,0.78
2020-12-09,0.79
2020-12-10,0.78
2020-12-11,0.79
2020-12-14,0.77
2020-12-15,0.81
2020-12-16,0.79
2020-12-17,0.81
2020-12-18,0.82
2020-12-21,0.82
2020-12-22,0.8
2020-12-23,0.83
2020-12-24,0.81
2020-12-25,.
2020-12-28,0.81
2020-12-29,0.82
2020-12-30,0.81
2020-12-31,0.8
2021-01-01,.
2021-01-04,0.82
2021-01-05,0.83
2021-01-06,0.9
2021-01-07,0.94
2021-01-08,0.99
2021-01-11,1.01
2021-01-12,1.01
2021-01-13,0.96
2021-01-14,0.99
2021-01-15,0.98
2021-01-18,.
2021-01-19,0.96
2021-01-20,0.97
2021-01-21,0.99
2021-01-22,0.97
2021-01-25,0.92
2021-01-26,0.94
2021-01-27,0.92
2021-01-28,0.95
2021-01-29,1.0
2021-02-01,0.98
2021-02-02,1.01
2021-02-03,1.04
2021-02-04,1.04
2021-02-05,1.1
2021-02-08,1.08
2021-02-09,1.07
2021-02-10,1.04
2021-02-11,1.05
2021-02-12,1.09
2021-02-15,.
2021-02-16,1.17
2021-02-17,1.18
2021-02-18,1.18
2021-02-19,1.23
2021-02-22,1.26
2021-02-23,1.26
2021-02-24,1.26
2021-02-25,1.37
2021-02-26,1.3
2021-03-01,1.32
2021-03-02,1.29
2021-03-03,1.33
2021-03-04,1.4
2021-03-05,1.42
2021-03-08,1.42
2021-03-09,1.38
2021-03-10,1.37
2021-03-11,1.4
2021-03-12,1.5
2021-03-15,1.48
2021-03-16,1.47
2021-03-17,1.5
2021-03-18,1.55
2021-03-19,1.58
2021-03-22,1.54
2021-03-23,1.48
2021-03-24,1.48
2021-03-25,1.49
2021-03-26,1.53
2021-03-29,1.59
2021-03-30,1.57
2021-03-31,1.58
2021-04-01,1.52
2021-04-02,1.53
2021-04-05,1.56
2021-04-06,1.51
2021-04-07,1.52
2021-04-08,1.5
2021-04-09,1.51
2021-04-12,1.51
2021-04-13,1.48
2021-04-14,1.48
2021-04-15,1.4
2021-04-16,1.43
2021-04-19,1.45
2021-04-20,1.43
2021-04-21,1.42
2021-04-22,1.41
2021-04-23,1.42
2021-04-26,1.4
2021-04-27,1.46
2021-04-28,1.46
2021-04-29,1.49
2021-04-30,1.49
2021-05-03,1.47
2021-05-04,1.45
2021-05-05,1.43
2021-05-06,1.42
2021-05-07,1.46
2021-05-10,1.47
2021-05-11,1.48
2021-05-12,1.53
2021-05-13,1.5
2021-05-14,1.47
2021-05-17,1.48
2021-05-18,1.48
2021-05-19,1.52
2021-05-20,1.48
2021-05-21,1.46
2021-05-24,1.46
2021-05-25,1.41
2021-05-26,1.44
2021-05-27,1.47
2021-05-28,1.44
2021-05-31,.
2021-06-01,1.46
2021-06-02,1.46
2021-06-03,1.47
2021-06-04,1.42
2021-06-07,1.41
2021-06-08,1.39
2021-06-09,1.34
2021-06-10,1.31
2021-06-11,1.31
2021-06-14,1.35
2021-06-15,1.35
2021-06-16,1.36
2021-06-17,1.29
2021-06-18,1.19
2021-06-21,1.23
2021-06-22,1.23
2021-06-23,1.24
2021-06-24,1.23
2021-06-25,1.26
2021-06-28,1.24
2021-06-29,1.22
2021-06-30,1.2
2021-07-01,1.23
2021-07-02,1.2
2021-07-05,.
2021-07-06,1.15
2021-07-07,1.11
2021-07-08,1.11
2021-07-09,1.14
2021-07-12,1.15
2021-07-13,1.16
2021-07-14,1.14
2021-07-15,1.08
2021-07-16,1.06
2021-07-19,0.98
2021-07-20,1.03
2021-07-21,1.08
2021-07-22,1.07
2021-07-23,1.08
2021-07-26,1.07
2021-07-27,1.05
2021-07-28,1.06
2021-07-29,1.08
2021-07-30,1.05
2021-08-02,1.03
2021-08-03,1.02
2021-08-04,1.02
2021-08-05,1.02
2021-08-06,1.1
2021-08-09,1.1
2021-08-10,1.12
2021-08-11,1.12
2021-08-12,1.13
2021-08-13,1.06
2021-08-16,1.05
2021-08-17,1.03
2021-08-18,1.04
2021-08-19,1.02
2021-08-20,1.03
2021-08-23,1.02
2021-08-24,1.05
2021-08-25,1.12
2021-08-26,1.09
2021-08-27,1.09
2021-08-30,1.09
2021-08-31,1.1
2021-09-01,1.11
2021-09-02,1.09
2021-09-03,1.12
2021-09-06,.
2021-09-07,1.16
2021-09-08,1.13
2021-09-09,1.07
2021-09-10,1.12
2021-09-13,1.12
2021-09-14,1.07
2021-09-15,1.1
2021-09-16,1.11
2021-09-17,1.14
2021-09-20,1.08
2021-09-21,1.11
2021-09-22,1.07
2021-09-23,1.14
2021-09-24,1.18
2021-09-27,1.17
2021-09-28,1.23
2021-09-29,1.25
2021-09-30,1.24
2021-10-01,1.21
2021-10-04,1.22
2021-10-05,1.26
2021-10-06,1.23
2021-10-07,1.26
2021-10-08,1.29
2021-10-11,.
2021-10-12,1.24
2021-10-13,1.19
2021-10-14,1.16
2021-10-15,1.18
2021-10-18,1.15
2021-10-19,1.24
2021-10-20,1.25
2021-10-21,1.23
2021-10-22,1.18
2021-10-25,1.17
2021-10-26,1.16
2021-10-27,1.04
2021-10-28,1.07
2021-10-29,1.07
2021-11-01,1.08
2021-11-02,1.1
2021-11-03,1.13
2021-11-04,1.12
2021-11-05,1.06
2021-11-08,1.06
2021-11-09,1.05
2021-11-10,1.05
2021-11-11,.
2021-11-12,1.05
2021-11-15,1.1
2021-11-16,1.09
2021-11-17,1.08
2021-11-18,1.07
2021-11-19,1.02
2021-11-22,1.0
2021-11-23,1.07
2021-11-24,1.0
2021-11-25,.
2021-11-26,0.98
2021-11-29,1.01
2021-11-30,0.91
2021-12-01,0.87
2021-12-02,0.81
2021-12-03,0.75
2021-12-06,0.78
2021-12-07,0.78
2021-12-08,0.84
2021-12-09,0.79
2021-12-10,0.81
2021-12-13,0.76
2021-12-14,0.77
2021-12-15,0.78
2021-12-16,0.8
2021-12-17,0.75
2021-12-20,0.78
2021-12-21,0.78
2021-12-22,0.78
2021-12-23,0.79
2021-12-24,.
2021-12-27,0.72
2021-12-28,0.75
2021-12-29,0.8
2021-12-30,0.79
2021-12-31,0.79
2022-01-03,0.85
2022-01-04,0.89
2022-01-05,0.88
2022-01-06,0.85
2022-01-07,0.89
2022-01-10,0.86
2022-01-11,0.85
2022-01-12,0.82
2022-01-13,0.79
2022-01-14,0.79
2022-01-17,.
2022-01-18,0.81
2022-01-19,0.79
2022-01-20,0.75
2022-01-21,0.74
2022-01-24,0.76
2022-01-25,0.76
2022-01-26,0.72
2022-01-27,0.63
2022-01-28,0.63
2022-01-31,0.61
2022-02-01,0.63
2022-02-02,0.62
2022-02-03,0.63
2022-02-04,0.62
2022-02-07,0.62
2022-02-08,0.61
2022-02-09,0.58
2022-02-10,0.42
2022-02-11,0.42
2022-02-14,0.4
2022-02-15,0.47
2022-02-16,0.51
2022-02-17,0.48
2022-02-18,0.45
2022-02-21,.
2022-02-22,0.38
2022-02-23,0.41
2022-02-24,0.42
2022-02-25,0.42
2022-02-28,0.39
2022-03-01,0.41
2022-03-02,0.36
2022-03-03,0.33
2022-03-04,0.24
2022-03-07,0.23
2022-03-08,0.23
2022-03-09,0.26
2022-03-10,0.26
2022-03-11,0.25
2022-03-14,0.27
2022-03-15,0.3
2022-03-16,0.24
2022-03-17,0.26
2022-03-18,0.17
2022-03-21,0.18
2022-03-22,0.2
2022-03-23,0.19
2022-03-24,0.21
2022-03-25,0.18
2022-03-28,0.11
2022-03-29,0.06
2022-03-30,0.04
2022-03-31,0.04
2022-04-01,-0.05
2022-04-04,-0.01
2022-04-05,0.03
2022-04-06,0.11
2022-04-07,0.19
2022-04-08,0.19
2022-04-11,0.29
2022-04-12,0.33
2022-04-13,0.33
2022-04-14,0.36
2022-04-15,.
2022-04-18,0.39
2022-04-19,0.32
2022-04-20,0.25
2022-04-21,0.22
2022-04-22,0.18
2022-04-25,0.18
2022-04-26,0.23
2022-04-27,0.24
2022-04-28,0.22
2022-04-29,0.19
2022-05-02,0.26
2022-05-03,0.19
2022-05-04,0.27
2022-05-05,0.34
2022-05-06,0.4
2022-05-09,0.44
2022-05-10,0.37
2022-05-11,0.25
2022-05-12,0.28
2022-05-13,0.32
2022-05-16,0.3
2022-05-17,0.27
2022-05-18,0.21
2022-05-19,0.21
2022-05-20,0.18
2022-05-23,0.21
2022-05-24,0.26
2022-05-25,0.27
2022-05-26,0.29
2022-05-27,0.27
2022-05-30,.
2022-05-31,0.32
2022-06-01,0.28
2022-06-02,0.27
2022-06-03,0.3
2022-06-06,0.31
2022-06-07,0.23
2022-06-08,0.25
2022-06-09,0.21
2022-06-10,0.09
2022-06-13,0.03
2022-06-14,0.04
2022-06-15,0.13
2022-06-16,0.14
2022-06-17,0.08
2022-06-20,.
2022-06-21,0.1
2022-06-22,0.1
2022-06-23,0.08
2022-06-24,0.09
2022-06-27,0.12
2022-06-28,0.1
2022-06-29,0.04
2022-06-30,0.06
2022-07-01,0.04
2022-07-04,.
2022-07-05,0.0
2022-07-06,-0.04
2022-07-07,-0.02
2022-07-08,-0.03
2022-07-11,-0.08
2022-07-12,-0.07
2022-07-13,-0.22
2022-07-14,-0.19
2022-07-15,-0.2
2022-07-18,-0.19
2022-07-19,-0.22
2022-07-20,-0.21
2022-07-21,-0.19
2022-07-22,-0.21
2022-07-25,-0.19
2022-07-26,-0.21
2022-07-27,-0.18
2022-07-28,-0.17
2022-07-29,-0.22
2022-08-01,-0.3
2022-08-02,-0.31
2022-08-03,-0.37
2022-08-04,-0.35
2022-08-05,-0.41
2022-08-08,-0.44
2022-08-09,-0.48
2022-08-10,-0.45
2022-08-11,-0.36
2022-08-12,-0.41
2022-08-15,-0.41
2022-08-16,-0.43
2022-08-17,-0.39
2022-08-18,-0.34
2022-08-19,-0.27
2022-08-22,-0.29
2022-08-23,-0.24
2022-08-24,-0.25
2022-08-25,-0.32
2022-08-26,-0.33
2022-08-29,-0.3
2022-08-30,-0.35
2022-08-31,-0.3
2022-09-01,-0.25
2022-09-02,-0.2
2022-09-05,.
2022-09-06,-0.17
2022-09-07,-0.18
2022-09-08,-0.19
2022-09-09,-0.23
2022-09-12,-0.21
2022-09-13,-0.33
2022-09-14,-0.37
2022-09-15,-0.42
2022-09-16,-0.4
2022-09-19,-0.46
2022-09-20,-0.39
2022-09-21,-0.51
2022-09-22,-0.41
2022-09-23,-0.51
2022-09-26,-0.39
2022-09-27,-0.33
2022-09-28,-0.35
2022-09-29,-0.4
2022-09-30,-0.39
2022-10-03,-0.45
2022-10-04,-0.48
2022-10-05,-0.39
2022-10-06,-0.4
2022-10-07,-0.41
2022-10-10,.
2022-10-11,-0.37
2022-10-12,-0.37
2022-10-13,-0.5
2022-10-14,-0.48
2022-10-17,-0.43
2022-10-18,-0.42
2022-10-19,-0.41
2022-10-20,-0.38
2022-10-21,-0.28
2022-10-24,-0.25
2022-10-25,-0.32
2022-10-26,-0.35
2022-10-27,-0.34
2022-10-28,-0.39
2022-10-31,-0.41
2022-11-01,-0.47
2022-11-02,-0.51
2022-11-03,-0.57
2022-11-04,-0.49
2022-11-07,-0.5
2022-11-08,-0.53
2022-11-09,-0.49
2022-11-10,-0.52
2022-11-11,.
2022-11-14,-0.52
2022-11-15,-0.57
2022-11-16,-0.68
2022-11-17,-0.66
2022-11-18,-0.69
2022-11-21,-0.65
2022-11-22,-0.71
2022-11-23,-0.75
2022-11-24,.
2022-11-25,-0.74
2022-11-28,-0.77
2022-11-29,-0.73
2022-11-30,-0.7
2022-12-01,-0.72
2022-12-02,-0.77
2022-12-05,-0.81
2022-12-06,-0.83
2022-12-07,-0.84
2022-12-08,-0.83
2022-12-09,-0.76
2022-12-12,-0.78
2022-12-13,-0.71
2022-12-14,-0.74
2022-12-15,-0.79
2022-12-16,-0.69
2022-12-19,-0.68
2022-12-20,-0.56
2022-12-21,-0.53
2022-12-22,-0.57
2022-12-23,-0.56
2022-12-26,.
2022-12-27,-0.48
2022-12-28,-0.43
2022-12-29,-0.51
2022-12-30,-0.53
2023-01-02,.
2023-01-03,-0.61
2023-01-04,-0.67
2023-01-05,-0.74
2023-01-06,-0.69
2023-01-09,-0.66
2023-01-10,-0.63
2023-01-11,-0.66
2023-01-12,-0.69
2023-01-13,-0.73
2023-01-16,.
2023-01-17,-0.65
2023-01-18,-0.69
2023-01-19,-0.7
2023-01-20,-0.66
2023-01-23,-0.69
2023-01-24,-0.66
2023-01-25,-0.65
2023-01-26,-0.68
2023-01-27,-0.67
2023-01-30,-0.7
2023-01-31,-0.69
2023-02-01,-0.7
2023-02-02,-0.69
2023-02-03,-0.77
2023-02-06,-0.81
2023-02-07,-0.8
2023-02-08,-0.82
2023-02-09,-0.81
2023-02-10,-0.76
2023-02-13,-0.8
2023-02-14,-0.83
2023-02-15,-0.81
2023-02-16,-0.76
2023-02-17,-0.78
2023-02-20,.
2023-02-21,-0.72
2023-02-22,-0.73
2023-02-23,-0.78
2023-02-24,-0.83
2023-02-27,-0.86
2023-02-28,-0.89
2023-03-01,-0.88
2023-03-02,-0.81
2023-03-03,-0.89
2023-03-06,-0.91
2023-03-07,-1.03
2023-03-08,-1.07
2023-03-09,-0.97
2023-03-10,-0.9
2023-03-13,-0.48
2023-03-14,-0.56
2023-03-15,-0.42
2023-03-16,-0.58
2023-03-17,-0.42
2023-03-20,-0.45
2023-03-21,-0.58
2023-03-22,-0.48
2023-03-23,-0.38
2023-03-24,-0.38
2023-03-27,-0.41
2023-03-28,-0.47
2023-03-29,-0.51
2023-03-30,-0.55
2023-03-31,-0.58
2023-04-03,-0.54
2023-04-04,-0.49
2023-04-05,-0.49
2023-04-06,-0.52
2023-04-07,-0.58
2023-04-10,-0.59
2023-04-11,-0.6
2023-04-12,-0.54
2023-04-13,-0.51
2023-04-14,-0.56
2023-04-17,-0.58
2023-04-18,-0.61
2023-04-19,-0.64
2023-04-20,-0.6
2023-04-21,-0.6
2023-04-24,-0.6
2023-04-25,-0.46
2023-04-26,-0.47
2023-04-27,-0.54
2023-04-28,-0.6
2023-05-01,-0.55
2023-05-02,-0.53
2023-05-03,-0.51
2023-05-04,-0.38
2023-05-05,-0.48
2023-05-08,-0.48
2023-05-09,-0.48
2023-05-10,-0.47
2023-05-11,-0.5
2023-05-12,-0.52
2023-05-15,-0.49
2023-05-16,-0.52
2023-05-17,-0.55
2023-05-18,-0.59
2023-05-19,-0.58
2023-05-22,-0.57
2023-05-23,-0.56
2023-05-24,-0.58
2023-05-25,-0.67
2023-05-26,-0.74
2023-05-29,.
2023-05-30,-0.77
2023-05-31,-0.76
2023-06-01,-0.72
2023-06-02,-0.81
2023-06-05,-0.77
2023-06-06,-0.81
2023-06-07,-0.77
2023-06-08,-0.79
2023-06-09,-0.84
2023-06-12,-0.82
2023-06-13,-0.83
2023-06-14,-0.91
2023-06-15,-0.9
2023-06-16,-0.93
2023-06-19,.
2023-06-20,-0.94
2023-06-21,-0.96
2023-06-22,-0.97
2023-06-23,-0.97
2023-06-26,-0.93
2023-06-27,-0.97
2023-06-28,-1.0
2023-06-29,-1.02
2023-06-30,-1.06
2023-07-03,-1.08
2023-07-04,.
2023-07-05,-0.99
2023-07-06,-0.94
2023-07-07,-0.88
2023-07-10,-0.84
2023-07-11,-0.89
2023-07-12,-0.86
2023-07-13,-0.83
2023-07-14,-0.91
2023-07-17,-0.93
2023-07-18,-0.94
2023-07-19,-0.99
2023-07-20,-0.95
2023-07-21,-0.98
2023-07-24,-0.95
2023-07-25,-0.94
2023-07-26,-0.96
2023-07-27,-0.9
2023-07-28,-0.91
2023-07-31,-0.91
2023-08-01,-0.87
2023-08-02,-0.8
2023-08-03,-0.7
2023-08-04,-0.73
2023-08-07,-0.67
2023-08-08,-0.72
2023-08-09,-0.79
2023-08-10,-0.73
2023-08-11,-0.73
2023-08-14,-0.77
2023-08-15,-0.71
2023-08-16,-0.69
2023-08-17,-0.64
2023-08-18,-0.66
2023-08-21,-0.63
2023-08-22,-0.68
2023-08-23,-0.76
2023-08-24,-0.75
2023-08-25,-0.78
2023-08-28,-0.78
2023-08-29,-0.75
2023-08-30,-0.78
2023-08-31,-0.76
2023-09-01,-0.69
2023-09-04,.
2023-09-05,-0.67
2023-09-06,-0.71
2023-09-07,-0.67
2023-09-08,-0.72
2023-09-11,-0.68
2023-09-12,-0.71
2023-09-13,-0.71
2023-09-14,-0.71
2023-09-15,-0.69
2023-09-18,-0.73
2023-09-19,-0.71
2023-09-20,-0.77
2023-09-21,-0.63
2023-09-22,-0.66
2023-09-25,-0.54
2023-09-26,-0.48
2023-09-27,-0.49
2023-09-28,-0.45
2023-09-29,-0.44
2023-10-02,-0.43
2023-10-03,-0.34
2023-10-04,-0.32
2023-10-05,-0.31
2023-10-06,-0.3
2023-10-09,.
2023-10-10,-0.3
2023-10-11,-0.41
2023-10-12,-0.36
2023-10-13,-0.41
2023-10-16,-0.38
2023-10-17,-0.36
2023-10-18,-0.28
2023-10-19,-0.16
2023-10-20,-0.14
2023-10-23,-0.19
2023-10-24,-0.19
2023-10-25,-0.13
2023-10-26,-0.16
2023-10-27,-0.15
2023-10-30,-0.15
2023-10-31,-0.19
2023-11-01,-0.18
2023-11-02,-0.31
2023-11-03,-0.26
2023-11-06,-0.26
2023-11-07,-0.33
2023-11-08,-0.44
2023-11-09,-0.41
2023-11-10,-0.43
2023-11-13,-0.39
2023-11-14,-0.36
2023-11-15,-0.37
2023-11-16,-0.38
2023-11-17,-0.44
2023-11-20,-0.47
2023-11-21,-0.45
2023-11-22,-0.47
2023-11-23,.
2023-11-24,-0.45
2023-11-27,-0.45
2023-11-28,-0.39
2023-11-29,-0.37
2023-11-30,-0.36
2023-12-01,-0.34
2023-12-04,-0.36
2023-12-05,-0.39
2023-12-06,-0.48
2023-12-07,-0.44
2023-12-08,-0.48
2023-12-11,-0.48
2023-12-12,-0.53
2023-12-13,-0.42
2023-12-14,-0.45
2023-12-15,-0.53
2023-12-18,-0.48
2023-12-19,-0.48
2023-12-20,-0.48
2023-12-21,-0.44
2023-12-22,-0.41
2023-12-25,.
2023-12-26,-0.37
2023-12-27,-0.41
2023-12-28,-0.42
2023-12-29,-0.35
2024-01-01,.
2024-01-02,-0.38
2024-01-03,-0.42
2024-01-04,-0.39
2024-01-05,-0.35
2024-01-08,-0.35
2024-01-09,-0.34
2024-01-10,-0.33
2024-01-11,-0.28
2024-01-12,-0.18
2024-01-15,.
2024-01-16,-0.15
2024-01-17,-0.24
2024-01-18,-0.2
2024-01-19,-0.24
2024-01-22,-0.26
2024-01-23,-0.17
2024-01-24,-0.16
2024-01-25,-0.14
2024-01-26,-0.19
2024-01-29,-0.21
2024-01-30,-0.3
2024-01-31,-0.28
2024-02-01,-0.33
2024-02-02,-0.33
2024-02-05,-0.29
2024-02-06,-0.3
2024-02-07,-0.32
2024-02-08,-0.31
2024-02-09,-0.31
2024-02-12,-0.29
2024-02-13,-0.33
2024-02-14,-0.29
2024-02-15,-0.32
2024-02-16,-0.34
2024-02-19,.
2024-02-20,-0.32
2024-02-21,-0.32
2024-02-22,-0.36
2024-02-23,-0.41
2024-02-26,-0.41
2024-02-27,-0.39
2024-02-28,-0.37
2024-02-29,-0.39
2024-03-01,-0.35
2024-03-04,-0.39
2024-03-05,-0.41
2024-03-06,-0.44
2024-03-07,-0.41
2024-03-08,-0.39
2024-03-11,-0.41
2024-03-12,-0.42
2024-03-13,-0.42
2024-03-14,-0.39
2024-03-15,-0.41
2024-03-18,-0.39
2024-03-19,-0.38
2024-03-20,-0.32
2024-03-21,-0.35
2024-03-22,-0.37
2024-03-25,-0.29
2024-03-26,-0.32
2024-03-27,-0.34
2024-03-28,-0.39
2024-03-29,.
2024-04-01,-0.39
2024-04-02,-0.34
2024-04-03,-0.32
2024-04-04,-0.34
2024-04-05,-0.34
2024-04-08,-0.36
2024-04-09,-0.38
2024-04-10,-0.42
2024-04-11,-0.37
2024-04-12,-0.38
2024-04-15,-0.3
2024-04-16,-0.3
2024-04-17,-0.34
2024-04-18,-0.34
2024-04-19,-0.35
2024-04-22,-0.35
2024-04-23,-0.25
2024-04-24,-0.24
2024-04-25,-0.26
2024-04-26,-0.29
2024-04-29,-0.34
2024-04-30,-0.35
2024-05-01,-0.33
2024-05-02,-0.29
2024-05-03,-0.31
2024-05-06,-0.33
2024-05-07,-0.35
2024-05-08,-0.36
2024-05-09,-0.35
2024-05-10,-0.37
2024-05-13,-0.37
2024-05-14,-0.36
2024-05-15,-0.37
2024-05-16,-0.4
2024-05-17,-0.41
2024-05-20,-0.38
2024-05-21,-0.41
2024-05-22,-0.43
2024-05-23,-0.44
2024-05-24,-0.47
2024-05-27,.
2024-05-28,-0.4
2024-05-29,-0.35
2024-05-30,-0.37
2024-05-31,-0.38
2024-06-03,-0.41
2024-06-04,-0.44
2024-06-05,-0.43
2024-06-06,-0.44
2024-06-07,-0.44
2024-06-10,-0.4
2024-06-11,-0.42
2024-06-12,-0.44
2024-06-13,-0.44
2024-06-14,-0.47
2024-06-17,-0.47
2024-06-18,-0.47
2024-06-19,.
2024-06-20,-0.45
2024-06-21,-0.45
2024-06-24,-0.46
2024-06-25,-0.42
2024-06-26,-0.39
2024-06-27,-0.41
2024-06-28,-0.35
2024-07-01,-0.29
2024-07-02,-0.31
2024-07-03,-0.35
2024-07-04,.
2024-07-05,-0.32
